{
  "llm": "gpt2",
  "experiment_dir": "/mnt/filestore/walter/competitions-prep/synthetic_experiments/crab_age/checkpoints/gpt2",
  "epochs": 200,
  "batch_size": 16,
  "train_hyperparameters": {
    "logging_strategy": "epoch",
    "save_steps": 5000
  },
  "columns": [
    "Sex",
    "Length",
    "Diameter",
    "Height",
    "Weight",
    "Shucked Weight",
    "Viscera Weight",
    "Shell Weight",
    "Age"
  ],
  "num_cols": [
    "Length",
    "Diameter",
    "Height",
    "Weight",
    "Shucked Weight",
    "Viscera Weight",
    "Shell Weight",
    "Age"
  ],
  "conditional_col": "Age",
  "conditional_col_dist": {
    "1": 0.00025687130747495504,
    "2": 0.00025687130747495504,
    "3": 0.0033393269971744156,
    "4": 0.013614179296172618,
    "5": 0.02748522989982019,
    "6": 0.06190598510146417,
    "7": 0.09170305676855896,
    "8": 0.13357307988697661,
    "9": 0.16439763678397123,
    "10": 0.1536090418700231,
    "11": 0.11790393013100436,
    "12": 0.06370408425378885,
    "13": 0.050089904957616234,
    "14": 0.031338299511944515,
    "15": 0.024659645517595686,
    "16": 0.01592602106344721,
    "17": 0.013871050603647572,
    "18": 0.009761109684048292,
    "19": 0.007963010531723606,
    "20": 0.005908040071923966,
    "21": 0.0035961983046493705,
    "22": 0.0015412278448497304,
    "23": 0.0017980991523246853,
    "24": 0.0005137426149499101,
    "25": 0.00025687130747495504,
    "26": 0.00025687130747495504,
    "27": 0.0005137426149499101,
    "29": 0.00025687130747495504
  }
}